{"cameraMode":{"drawMode":0,"name":"Shaded","section":"Shading Mode"},"sceneLighting":false,"audioPlay":false,"sceneViewState":{"showFog":true,"showMaterialUpdate":false,"showSkybox":true,"showFlares":true,"showImageEffects":true,"showParticleSystems":true},"in2DMode":false,"pivot":{"x":12.850000381469727,"y":6.119999885559082,"z":25.270000457763673},"rotation":{"x":0.32775160670280459,"y":-0.6132224202156067,"z":0.30995604395866396,"w":0.6484323740005493},"size":3.918867588043213,"orthographic":false}